season,episode,img_src,painting_title,hex_codes
1,1,https://www.twoinchbrush.com/images/painting282.png,A Walk in the Woods,#C3913A
1,2,https://www.twoinchbrush.com/images/painting283.png,Mt. McKinley,#9BAAC1
1,3,https://www.twoinchbrush.com/images/painting284.png,Ebony Sunset,#CD700A
1,4,https://www.twoinchbrush.com/images/painting285.png,Winter Mist,#8D938F
1,5,https://www.twoinchbrush.com/images/painting286.png,Quiet Stream,#8CA44C
1,6,https://www.twoinchbrush.com/images/painting287.png,Winter Moon,#8B92AE
1,7,https://www.twoinchbrush.com/images/painting288.png,Autumn Mountain,#9B93A7
1,8,https://www.twoinchbrush.com/images/painting289.png,Peaceful Valley,#8C95A8
1,9,https://www.twoinchbrush.com/images/painting290.png,Seascape,#B48790
1,10,https://www.twoinchbrush.com/images/painting291.png,Mountain Lake,#8594B3
1,11,https://www.twoinchbrush.com/images/painting292.png,Winter Glow,#AB8C62
1,12,https://www.twoinchbrush.com/images/painting293.png,Snow Fall,#849A79
1,13,https://www.twoinchbrush.com/images/painting294.png,Final Reflections,#8EA094
2,1,https://www.twoinchbrush.com/images/painting269.png,Meadow Lake,#80A3B3
2,2,https://www.twoinchbrush.com/images/painting270.png,Winter Sun,#C08C7D
2,3,https://www.twoinchbrush.com/images/painting271.png,Ebony Sea,#BC8095
2,4,https://www.twoinchbrush.com/images/painting272.png,Shades of Grey,#8E938C
2,5,https://www.twoinchbrush.com/images/painting273.png,Autumn Splendor,#8D9781
2,6,https://www.twoinchbrush.com/images/painting274.png,Black River,#B57361
2,7,https://www.twoinchbrush.com/images/painting275.png,Brown Mountain,#7D9998
2,8,https://www.twoinchbrush.com/images/painting276.png,Reflections,#A19599
2,9,https://www.twoinchbrush.com/images/painting277.png,Black and White Seascape,#739B99
2,10,https://www.twoinchbrush.com/images/painting278.png,Lazy River,#829B82
2,11,https://www.twoinchbrush.com/images/painting279.png,Black Waterfall,#8F81B6
2,12,https://www.twoinchbrush.com/images/painting280.png,Mountain Waterfall,#809095
2,13,https://www.twoinchbrush.com/images/painting281.png,Final Grace,#7398B5
3,1,https://www.twoinchbrush.com/images/painting256.png,Mountain Retreat,#969383
3,2,https://www.twoinchbrush.com/images/painting257.png,Blue Moon,#6D81C3
3,3,https://www.twoinchbrush.com/images/painting258.png,Bubbling Stream,#8F9B72
3,4,https://www.twoinchbrush.com/images/painting259.png,Winter Night,#9392A1
3,5,https://www.twoinchbrush.com/images/painting260.png,Distant Hills,#E1989D
3,6,https://www.twoinchbrush.com/images/painting261.png,Covered Bridge,#A38E2C
3,7,https://www.twoinchbrush.com/images/painting262.png,Quiet Inlet,#8BA4A2
3,8,https://www.twoinchbrush.com/images/painting263.png,Night Light,#867C89
3,9,https://www.twoinchbrush.com/images/painting264.png,The Old Mill,#A99C79
3,10,https://www.twoinchbrush.com/images/painting265.png,Campfire,#D76312
3,11,https://www.twoinchbrush.com/images/painting266.png,Rustic Barn,#A29883
3,12,https://www.twoinchbrush.com/images/painting267.png,Hidden Lake,#A19789
3,13,https://www.twoinchbrush.com/images/painting268.png,Peaceful Waters,#6E9AD9
4,1,https://www.twoinchbrush.com/images/painting243.png,Purple Splendor,#9B97C0
4,2,https://www.twoinchbrush.com/images/painting244.png,Tranquil Valley,#A28E98
4,3,https://www.twoinchbrush.com/images/painting245.png,Majestic Mountains,#929686
4,4,https://www.twoinchbrush.com/images/painting246.png,Winter Sawscape,#8E99AD
4,5,https://www.twoinchbrush.com/images/painting247.png,Evening Seascape,#708D9E
4,6,https://www.twoinchbrush.com/images/painting248.png,Warm Summer Day,#A59662
4,7,https://www.twoinchbrush.com/images/painting249.png,Cabin in the Woods,#899880
4,8,https://www.twoinchbrush.com/images/painting250.png,Wetlands,#A29379
4,9,https://www.twoinchbrush.com/images/painting251.png,Cool Waters,#99A2AB
4,10,https://www.twoinchbrush.com/images/painting252.png,Quiet Woods,#979B9E
4,11,https://www.twoinchbrush.com/images/painting253.png,Northwest Majesty,#A993A0
4,12,https://www.twoinchbrush.com/images/painting254.png,Autumn Days,#AB8D95
4,13,https://www.twoinchbrush.com/images/painting255.png,Mountain Challenge,#839CA2
5,1,https://www.twoinchbrush.com/images/painting230.png,Mountain Waterfall,#99B0C7
5,2,https://www.twoinchbrush.com/images/painting231.png,Twilight Meadow,#7D97A4
5,3,https://www.twoinchbrush.com/images/painting232.png,Mountain Blossoms,#A7A7BD
5,4,https://www.twoinchbrush.com/images/painting233.png,Winter Stillness,#AD9F9C
5,5,https://www.twoinchbrush.com/images/painting234.png,Quiet Pond,#CC9A60
5,6,https://www.twoinchbrush.com/images/painting235.png,Ocean Sunrise,#C793A3
5,7,https://www.twoinchbrush.com/images/painting236.png,Bubbling Brook,#6FAA75
5,8,https://www.twoinchbrush.com/images/painting237.png,Arizona Splendor,#A19B8F
5,9,https://www.twoinchbrush.com/images/painting238.png,Anatomy of a Wave,#89B4D2
5,10,https://www.twoinchbrush.com/images/painting239.png,The Windmill,#A789C3
5,11,https://www.twoinchbrush.com/images/painting240.png,Autumn Glory,#BD9E8C
5,12,https://www.twoinchbrush.com/images/painting241.png,Indian Girl,#F4932B
5,13,https://www.twoinchbrush.com/images/painting242.png,Meadow Stream,#B9CD8D
6,1,https://www.twoinchbrush.com/images/painting217.png,Blue River,#A387AF
6,2,https://www.twoinchbrush.com/images/painting218.png,Nature's Edge,#91A3B0
6,3,https://www.twoinchbrush.com/images/painting219.png,Morning Mist,#9AAAA8
6,4,https://www.twoinchbrush.com/images/painting220.png,Whispering Stream,#A19476
6,5,https://www.twoinchbrush.com/images/painting221.png,Secluded Forest,#709AA8
6,6,https://www.twoinchbrush.com/images/painting222.png,Snow Trail,#A8A0A5
6,7,https://www.twoinchbrush.com/images/painting223.png,Arctic Beauty,#A191B7
6,8,https://www.twoinchbrush.com/images/painting224.png,Horizons West,#CEA966
6,9,https://www.twoinchbrush.com/images/painting225.png,High Chateau,#A4927C
6,10,https://www.twoinchbrush.com/images/painting226.png,Country Life,#9394A5
6,11,https://www.twoinchbrush.com/images/painting227.png,Western Expanse,#8F8FB1
6,12,https://www.twoinchbrush.com/images/painting228.png,Marshlands,#7FAA68
6,13,https://www.twoinchbrush.com/images/painting229.png,Blaze of Color,#9A958C
7,1,https://www.twoinchbrush.com/images/painting203.png,Winter Cabin,#A78E83
7,2,https://www.twoinchbrush.com/images/painting204.png,Secluded Lake,#9C918E
7,3,https://www.twoinchbrush.com/images/painting205.png,Evergreens at Sunset,#A38B75
7,4,https://www.twoinchbrush.com/images/painting206.png,Mountain Cabin,#8C9486
7,5,https://www.twoinchbrush.com/images/painting208.png,Portrait of Sally,#A29566
7,6,https://www.twoinchbrush.com/images/painting209.png,Misty Waterfall,#999396
7,7,https://www.twoinchbrush.com/images/painting210.png,Barn at Sunset,#AD9395
7,8,https://www.twoinchbrush.com/images/painting211.png,Mountain Splendor,#A89272
7,9,https://www.twoinchbrush.com/images/painting212.png,Lake by Mountain,#8E93B0
7,10,https://www.twoinchbrush.com/images/painting213.png,Mountain Glory,#91969D
7,11,https://www.twoinchbrush.com/images/painting214.png,Grey Winter,#A796B3
7,12,https://www.twoinchbrush.com/images/painting215.png,Dock Scene,#8F96B1
7,13,https://www.twoinchbrush.com/images/painting216.png,Dark Waterfall,#9A867F
8,1,https://www.twoinchbrush.com/images/painting190.png,Misty Rolling Hills,#C39CB2
8,2,https://www.twoinchbrush.com/images/painting191.png,Lakeside Cabin,#B39F9B
8,3,https://www.twoinchbrush.com/images/painting192.png,Warm Winter Day,#C8869C
8,4,https://www.twoinchbrush.com/images/painting193.png,Waterside Way,#B99874
8,5,https://www.twoinchbrush.com/images/painting194.png,Hunter's Haven,#AC99B0
8,6,https://www.twoinchbrush.com/images/painting195.png,Bubbling Mountain Brook,#AB9DBF
8,7,https://www.twoinchbrush.com/images/painting196.png,Winter Hideaway,#D4BFB7
8,8,https://www.twoinchbrush.com/images/painting197.png,Foot of the Mountain,#BDB2B1
8,9,https://www.twoinchbrush.com/images/painting198.png,Majestic Pine,#AD8E7D
8,10,https://www.twoinchbrush.com/images/painting199.png,Cactus at Sunset,#C1756F
8,11,https://www.twoinchbrush.com/images/painting200.png,Mountain Range,#AA99B7
8,12,https://www.twoinchbrush.com/images/painting201.png,Lonely Retreat,#988CA9
8,13,https://www.twoinchbrush.com/images/painting202.png,Northern Lights,#7F86B1
9,1,https://www.twoinchbrush.com/images/painting177.png,Winter Evergreens,#B1B1C9
9,2,https://www.twoinchbrush.com/images/painting178.png,Surf's Up,#A8AACF
9,3,https://www.twoinchbrush.com/images/painting179.png,Red Sunset,#B89371
9,4,https://www.twoinchbrush.com/images/painting180.png,Meadow Road,#9897A6
9,5,https://www.twoinchbrush.com/images/painting181.png,Winter Oval,#D4CFEA
9,6,https://www.twoinchbrush.com/images/painting182.png,Secluded Beach,#8796CD
9,7,https://www.twoinchbrush.com/images/painting183.png,Forest Hills,#9AA1A6
9,8,https://www.twoinchbrush.com/images/painting184.png,Little House by the Road,#93A09B
9,9,https://www.twoinchbrush.com/images/painting185.png,Mountain Path,#A4A3A8
9,10,https://www.twoinchbrush.com/images/painting186.png,Country Charm,#A09DA3
9,11,https://www.twoinchbrush.com/images/painting187.png,Nature's Paradise,#B5A08C
9,12,https://www.twoinchbrush.com/images/painting188.png,Mountain by the Sea,#929ECD
9,13,https://www.twoinchbrush.com/images/painting189.png,Mountain Hideaway,#909B9F
10,1,https://www.twoinchbrush.com/images/painting163.png,Towering Peaks,#829EB0
10,2,https://www.twoinchbrush.com/images/painting164.png,Cabin at Sunset,#A19079
10,3,https://www.twoinchbrush.com/images/painting165.png,Twin Falls,#83919D
10,4,https://www.twoinchbrush.com/images/painting166.png,Secluded Bridge,#6D9996
10,5,https://www.twoinchbrush.com/images/painting167.png,Ocean Breeze,#8E8FC9
10,6,https://www.twoinchbrush.com/images/painting168.png,Autumn Woods,#8993A3
10,7,https://www.twoinchbrush.com/images/painting170.png,Winter Solitude,#C3A3DE
10,8,https://www.twoinchbrush.com/images/painting171.png,Golden Sunset,#B38C58
10,9,https://www.twoinchbrush.com/images/painting172.png,Mountain Oval,#9CA2C8
10,10,https://www.twoinchbrush.com/images/painting173.png,Ocean Sunset,#AE928C
10,11,https://www.twoinchbrush.com/images/painting174.png,Triple View,#B5B2C9
10,12,https://www.twoinchbrush.com/images/painting175.png,Winter Frost,#AC92C8
10,13,https://www.twoinchbrush.com/images/painting176.png,Lakeside Cabin,#7F9E9E
11,1,https://www.twoinchbrush.com/images/painting150.png,Mountain Stream,#6789A1
11,2,https://www.twoinchbrush.com/images/painting151.png,Country Cabin,#8990B7
11,3,https://www.twoinchbrush.com/images/painting152.png,Daisy Delight,#9B8062
11,4,https://www.twoinchbrush.com/images/painting153.png,Hidden Stream,#838FA0
11,5,https://www.twoinchbrush.com/images/painting154.png,Towering Glacier,#8397AD
11,6,https://www.twoinchbrush.com/images/painting155.png,Oval Barn,#7E95C0
11,7,https://www.twoinchbrush.com/images/painting156.png,Lakeside Path,#859595
11,8,https://www.twoinchbrush.com/images/painting157.png,Sunset Oval,#9F8F83
11,9,https://www.twoinchbrush.com/images/painting158.png,Winter Barn,#9190B0
11,10,https://www.twoinchbrush.com/images/painting159.png,Sunset over the Waves,#B28273
11,11,https://www.twoinchbrush.com/images/painting160.png,Golden Glow,#B89D4A
11,12,https://www.twoinchbrush.com/images/painting161.png,Roadside Barn,#8E9289
11,13,https://www.twoinchbrush.com/images/painting162.png,Happy Accident,#A68F71
12,1,https://www.twoinchbrush.com/images/painting137.png,Golden Knoll,#B38D5A
12,2,https://www.twoinchbrush.com/images/painting138.png,Mountain Reflections,#6F97AB
12,3,https://www.twoinchbrush.com/images/painting139.png,Secluded Mountain,#748E9D
12,4,https://www.twoinchbrush.com/images/painting140.png,Bright Autumn Trees,#888579
12,5,https://www.twoinchbrush.com/images/painting141.png,Black Seascape,#588CC8
12,6,https://www.twoinchbrush.com/images/painting142.png,Steep Mountains,#898E97
12,7,https://www.twoinchbrush.com/images/painting143.png,Quiet Mountains River,#938C92
12,8,https://www.twoinchbrush.com/images/painting144.png,Evening Waterfall,#53898F
12,9,https://www.twoinchbrush.com/images/painting145.png,Tropical Seascape,#939390
12,10,https://www.twoinchbrush.com/images/painting146.png,Mountain at Sunset,#917A67
12,11,https://www.twoinchbrush.com/images/painting147.png,Soft Mountain Glow,#979284
12,12,https://www.twoinchbrush.com/images/painting148.png,Mountain in an Oval,#978BA2
12,13,https://www.twoinchbrush.com/images/painting149.png,Winter Mountain,#7199C0
13,1,https://www.twoinchbrush.com/images/painting124.png,Rolling Hills,#AC8D73
13,2,https://www.twoinchbrush.com/images/painting125.png,Frozen Solitude,#7595C7
13,3,https://www.twoinchbrush.com/images/painting126.png,Meadow Brook,#8496B0
13,4,https://www.twoinchbrush.com/images/painting127.png,Evening at Sunset,#B78063
13,5,https://www.twoinchbrush.com/images/painting128.png,Mountain View,#939297
13,6,https://www.twoinchbrush.com/images/painting129.png,Hidden Creek,#809387
13,7,https://www.twoinchbrush.com/images/painting130.png,Peaceful Haven,#61A9C0
13,8,https://www.twoinchbrush.com/images/painting131.png,Mountain Exhibition,#7898AA
13,9,https://www.twoinchbrush.com/images/painting132.png,Emerald Waters,#748A22
13,10,https://www.twoinchbrush.com/images/painting133.png,Mountain Summit,#739AA2
13,11,https://www.twoinchbrush.com/images/painting134.png,Cabin Hideaway,#6F98C4
13,12,https://www.twoinchbrush.com/images/painting135.png,Oval Essence,#758FAA
13,13,https://www.twoinchbrush.com/images/painting136.png,Lost Lake,#889699
14,1,https://www.twoinchbrush.com/images/painting111.png,Distant Mountains,#7E9E9D
14,2,https://www.twoinchbrush.com/images/painting112.png,Meadow Brook Surprise,#8D94AA
14,3,https://www.twoinchbrush.com/images/painting113.png,Mountain Moonlight Oval,#8D9AA8
14,4,https://www.twoinchbrush.com/images/painting114.png,Snowy Solitude,#8CA1BB
14,5,https://www.twoinchbrush.com/images/painting115.png,Mountain River,#889AA8
14,6,https://www.twoinchbrush.com/images/painting116.png,Graceful Mountains,#7898AE
14,7,https://www.twoinchbrush.com/images/painting117.png,Windy Waves,#9095A1
14,8,https://www.twoinchbrush.com/images/painting118.png,On a Clear Day,#BFA184
14,9,https://www.twoinchbrush.com/images/painting119.png,Riverside Escape Oval,#969FA7
14,10,https://www.twoinchbrush.com/images/painting120.png,Surprising Falls,#658EA8
14,11,https://www.twoinchbrush.com/images/painting121.png,Shadow Pond,#859C6E
14,12,https://www.twoinchbrush.com/images/painting122.png,Misty Forest Oval,#A2A4A9
14,13,https://www.twoinchbrush.com/images/painting123.png,Natural Wonder,#709CAD
15,1,https://www.twoinchbrush.com/images/painting98.png,Splendor of Winter,#A5979D
15,2,https://www.twoinchbrush.com/images/painting99.png,Colors of Nature,#789B9E
15,3,https://www.twoinchbrush.com/images/painting100.png,Grandpa's Barn,#9E956A
15,4,https://www.twoinchbrush.com/images/painting101.png,Peaceful Reflections,#89A4A1
15,5,https://www.twoinchbrush.com/images/painting102.png,Hidden Winter Moon Oval,#9EA2B0
15,6,https://www.twoinchbrush.com/images/painting103.png,Waves of Wonder,#7C9ABC
15,7,https://www.twoinchbrush.com/images/painting104.png,Cabin by the Pond,#9E8FA1
15,8,https://www.twoinchbrush.com/images/painting105.png,Fall Stream,#859AA3
15,9,https://www.twoinchbrush.com/images/painting106.png,Christmas Eve Snow,#8695C3
15,10,https://www.twoinchbrush.com/images/painting107.png,Forest Down Oval,#A8A6A8
15,11,https://www.twoinchbrush.com/images/painting108.png,Pathway to Autumn,#9E9578
15,12,https://www.twoinchbrush.com/images/painting109.png,Deep Forest Lake,#848D6C
15,13,https://www.twoinchbrush.com/images/painting110.png,Peaks of Majesty,#A989A0
16,1,https://www.twoinchbrush.com/images/painting84.png,Two Seasons,#8293B8
16,2,https://www.twoinchbrush.com/images/painting85.png,Nestled Cabin,#8D9956
16,3,https://www.twoinchbrush.com/images/painting86.png,Wintertime Discovery,#979174
16,4,https://www.twoinchbrush.com/images/painting87.png,Mountain Mirage Wood Shape,#9290B5
16,5,https://www.twoinchbrush.com/images/painting88.png,Double Oval Fantasy,#83969E
16,6,https://www.twoinchbrush.com/images/painting89.png,Contemplative Lady,#BD8E37
16,7,https://www.twoinchbrush.com/images/painting90.png,Deep Woods,#A89455
16,8,https://www.twoinchbrush.com/images/painting91.png,High Tide,#A8A858
16,9,https://www.twoinchbrush.com/images/painting93.png,Barn in Snow Oval,#87949F
16,10,https://www.twoinchbrush.com/images/painting94.png,That Time of Year,#999284
16,11,https://www.twoinchbrush.com/images/painting95.png,Waterfall Wonder,#6E9CA0
16,12,https://www.twoinchbrush.com/images/painting96.png,Mighty Mountain Lake,#82949D
16,13,https://www.twoinchbrush.com/images/painting97.png,Wooded Stream Oval,#889288
17,1,https://www.twoinchbrush.com/images/painting71.png,Golden Mist Oval,#C3807E
17,2,https://www.twoinchbrush.com/images/painting72.png,The Old Home Place,#AF9267
17,3,https://www.twoinchbrush.com/images/painting73.png,Soothing Vista,#677B76
17,4,https://www.twoinchbrush.com/images/painting74.png,Stormy Seas,#9F8A75
17,5,https://www.twoinchbrush.com/images/painting75.png,Country Time,#A49279
17,6,https://www.twoinchbrush.com/images/painting76.png,A Mild Winter's Day,#C99E5E
17,7,https://www.twoinchbrush.com/images/painting77.png,Spectacular Waterfall,#7C789A
17,8,https://www.twoinchbrush.com/images/painting78.png,View from the Park,#98A9B2
17,9,https://www.twoinchbrush.com/images/painting79.png,Lake View,#66B7CF
17,10,https://www.twoinchbrush.com/images/painting80.png,Old Country Mill,#C58B5D
17,11,https://www.twoinchbrush.com/images/painting81.png,Morning Walk,#817681
17,12,https://www.twoinchbrush.com/images/painting82.png,Nature's Splendor,#978E98
17,13,https://www.twoinchbrush.com/images/painting83.png,Mountain Beauty,#7996B0
18,1,https://www.twoinchbrush.com/images/painting58.png,Half-Oval Vignette,#6DABC2
18,2,https://www.twoinchbrush.com/images/painting59.png,Absolutely Autumn,#A39187
18,3,https://www.twoinchbrush.com/images/painting60.png,Mountain Seclusion,#8C93A8
18,4,https://www.twoinchbrush.com/images/painting61.png,Crimson Oval,#C58943
18,5,https://www.twoinchbrush.com/images/painting62.png,Autumn Exhibition,#B89179
18,6,https://www.twoinchbrush.com/images/painting63.png,Majestic Peaks,#819BA7
18,7,https://www.twoinchbrush.com/images/painting64.png,Golden Morning Mist,#B7905A
18,8,https://www.twoinchbrush.com/images/painting65.png,Winter Lace,#CB93A0
18,9,https://www.twoinchbrush.com/images/painting66.png,Seascape Fantasy,#AFA349
18,10,https://www.twoinchbrush.com/images/painting67.png,Double Oval Stream,#AA926D
18,11,https://www.twoinchbrush.com/images/painting68.png,Enchanted Forest,#AA8E97
18,12,https://www.twoinchbrush.com/images/painting69.png,Southwest Serenity,#B79646
18,13,https://www.twoinchbrush.com/images/painting70.png,Rippling Waters,#A48F66
19,1,https://www.twoinchbrush.com/images/painting44.png,Snowfall Magic,#D8937C
19,2,https://www.twoinchbrush.com/images/painting45.png,Quiet Mountain Lake,#7E8388
19,3,https://www.twoinchbrush.com/images/painting46.png,Final Embers of Sunlight,#967F76
19,4,https://www.twoinchbrush.com/images/painting47.png,Snowy Morn,#948877
19,5,https://www.twoinchbrush.com/images/painting48.png,Camper's Haven,#978CA5
19,6,https://www.twoinchbrush.com/images/painting49.png,Waterfall in the Woods,#878373
19,7,https://www.twoinchbrush.com/images/painting50.png,Covered Bridge Oval,#9F8A98
19,8,https://www.twoinchbrush.com/images/painting51.png,Scenic Seclusion,#9A8D5F
19,9,https://www.twoinchbrush.com/images/painting52.png,Ebb Tide,#B6855A
19,10,https://www.twoinchbrush.com/images/painting53.png,After the Rain,#6A837C
19,11,https://www.twoinchbrush.com/images/painting54.png,Winter Elegance,#A68E8A
19,12,https://www.twoinchbrush.com/images/painting56.png,Evening's Peace,#798DD4
19,13,https://www.twoinchbrush.com/images/painting57.png,Valley of Tranquility,#8D8E90
20,1,https://www.twoinchbrush.com/images/painting31.png,Mystic Mountain,#68A3BC
20,2,https://www.twoinchbrush.com/images/painting32.png,New Day's Dawn,#AB8A56
20,3,https://www.twoinchbrush.com/images/painting33.png,Winter in Pastel,#AB8B80
20,4,https://www.twoinchbrush.com/images/painting34.png,Hazy Day,#A0908B
20,5,https://www.twoinchbrush.com/images/painting35.png,Divine Elegance,#7995CF
20,6,https://www.twoinchbrush.com/images/painting36.png,Cliffside,#B38281
20,7,https://www.twoinchbrush.com/images/painting37.png,Autumn Fantasy,#B08A7A
20,8,https://www.twoinchbrush.com/images/painting38.png,The Old Oak Tree,#5D7299
20,9,https://www.twoinchbrush.com/images/painting39.png,Winter Paradise,#968DB7
20,10,https://www.twoinchbrush.com/images/painting40.png,Days Gone By,#788EAE
20,11,https://www.twoinchbrush.com/images/painting41.png,Change of Seasons,#A8886A
20,12,https://www.twoinchbrush.com/images/painting42.png,Hidden Delight,#A38B5D
20,13,https://www.twoinchbrush.com/images/painting43.png,Double Take,#638097
21,1,https://www.twoinchbrush.com/images/painting17.png,Valley View,#869571
21,2,https://www.twoinchbrush.com/images/painting18.png,Tranquil Dawn,#AE9976
21,3,https://www.twoinchbrush.com/images/painting19.png,Royal Majesty,#8B8A9C
21,4,https://www.twoinchbrush.com/images/painting20.png,Serenity,#A38D8F
21,5,https://www.twoinchbrush.com/images/painting21.png,Cabin at Trails End,#B1A598
21,6,https://www.twoinchbrush.com/images/painting22.png,Mountain Rhapsody,#B98B82
21,7,https://www.twoinchbrush.com/images/painting23.png,Wilderness Cabin,#95988A
21,8,https://www.twoinchbrush.com/images/painting24.png,By the Sea,#827D88
21,9,https://www.twoinchbrush.com/images/painting25.png,Indian Summer,#978565
21,10,https://www.twoinchbrush.com/images/painting27.png,Blue Winter,#7A98BA
21,11,https://www.twoinchbrush.com/images/painting28.png,Desert Glow,#C6967F
21,12,https://www.twoinchbrush.com/images/painting29.png,Lone Mountain,#778B84
21,13,https://www.twoinchbrush.com/images/painting30.png,Florida's Glory,#6197CD
22,1,https://www.twoinchbrush.com/images/painting14.png,Autumn Images,#92939B
22,2,https://www.twoinchbrush.com/images/painting15.png,Hint of Springtime,#8E90A4
22,3,https://www.twoinchbrush.com/images/painting16.png,Around the Bend,#768F6D
22,4,https://www.twoinchbrush.com/images/painting4.png,Countryside Oval,#8A939B
22,5,https://www.twoinchbrush.com/images/painting5.png,Russet Winter,#BD8C6E
22,6,https://www.twoinchbrush.com/images/painting6.png,Purple Haze,#9E8E9D
22,7,https://www.twoinchbrush.com/images/painting7.png,Dimensions,#949797
22,8,https://www.twoinchbrush.com/images/painting8.png,Deep Wilderness Home,#8D9359
22,9,https://www.twoinchbrush.com/images/painting9.png,Haven in the Valley,#919591
22,10,https://www.twoinchbrush.com/images/painting10.png,Wintertime Blues,#7398BA
22,11,https://www.twoinchbrush.com/images/painting11.png,Pastel Seascape,#BC8A7E
22,12,https://www.twoinchbrush.com/images/painting12.png,Country Creek,#969570
22,13,https://www.twoinchbrush.com/images/painting13.png,Silent Forest,#7A9C87
23,1,https://www.twoinchbrush.com/images/painting295.png,Frosty Winter Morn,#709ACE
23,2,https://www.twoinchbrush.com/images/painting296.png,Forest Edge,#84963E
23,3,https://www.twoinchbrush.com/images/painting297.png,Mountain Ridge Lake,#7898A1
23,4,https://www.twoinchbrush.com/images/painting298.png,Reflections of Gold,#AE9175
23,5,https://www.twoinchbrush.com/images/painting299.png,Quiet Cove,#9A9956
23,6,https://www.twoinchbrush.com/images/painting300.png,Rivers Peace,#8C877D
23,7,https://www.twoinchbrush.com/images/painting301.png,At Dawn's Light,#AF8693
23,8,https://www.twoinchbrush.com/images/painting302.png,Valley Waterfall,#69A096
23,9,https://www.twoinchbrush.com/images/painting303.png,Toward Days End,#889790
23,10,https://www.twoinchbrush.com/images/painting304.png,Falls in the Glen,#8B8EA4
23,11,https://www.twoinchbrush.com/images/painting305.png,Frozen Beauty in Vignette,#6199E4
23,12,https://www.twoinchbrush.com/images/painting306.png,Crimson Tide,#A07B9B
23,13,https://www.twoinchbrush.com/images/painting307.png,Winter Bliss,#918BA4
24,1,https://www.twoinchbrush.com/images/painting308.png,Gray Mountain,#9C8B74
24,2,https://www.twoinchbrush.com/images/painting309.png,Wayside Pond,#8B9396
24,3,https://www.twoinchbrush.com/images/painting310.png,Teton Winter,#6E98C2
24,4,https://www.twoinchbrush.com/images/painting311.png,Little Home in the Meadow,#88959B
24,5,https://www.twoinchbrush.com/images/painting312.png,A Pretty Autumn Day,#938D7D
24,6,https://www.twoinchbrush.com/images/painting313.png,Mirrored Images,#7399B3
24,7,https://www.twoinchbrush.com/images/painting314.png,Back-Country Path,#95927F
24,8,https://www.twoinchbrush.com/images/painting315.png,Graceful Waterfall,#859177
24,9,https://www.twoinchbrush.com/images/painting316.png,Icy Lake,#99909F
24,10,https://www.twoinchbrush.com/images/painting317.png,Rowboat on the Beach,#829C9E
24,11,https://www.twoinchbrush.com/images/painting318.png,Portrait of Winter,#6F99B9
24,12,https://www.twoinchbrush.com/images/painting319.png,The Footbridge,#909280
24,13,https://www.twoinchbrush.com/images/painting320.png,Snowbound Cabin,#728595
25,1,https://www.twoinchbrush.com/images/painting321.png,Hide A Way Cove,#8F968D
25,2,https://www.twoinchbrush.com/images/painting322.png,Enchanted Falls Oval,#A99063
25,3,https://www.twoinchbrush.com/images/painting323.png,Not Quite Spring,#8F9499
25,4,https://www.twoinchbrush.com/images/painting324.png,Splashes of Autumn,#929861
25,5,https://www.twoinchbrush.com/images/painting325.png,Summer in the Mountain,#809A9E
25,6,https://www.twoinchbrush.com/images/painting326.png,Oriental Falls,#929584
25,7,https://www.twoinchbrush.com/images/painting327.png,Autumn Palette,#949763
25,8,https://www.twoinchbrush.com/images/painting328.png,Cypress Swamp,#949294
25,9,https://www.twoinchbrush.com/images/painting329.png,Downstream View,#83979E
25,10,https://www.twoinchbrush.com/images/painting330.png,Just Before the Storm,#8898A5
25,11,https://www.twoinchbrush.com/images/painting331.png,Fisherman's Paradise,#B7986A
25,12,https://www.twoinchbrush.com/images/painting332.png,Desert Hues,#9B9E9A
25,13,https://www.twoinchbrush.com/images/painting333.png,The Property Line,#92948A
26,1,https://www.twoinchbrush.com/images/painting334.png,In the Stillness of Morning,#8096A2
26,2,https://www.twoinchbrush.com/images/painting335.png,Delightful Meadow Home,#A89654
26,3,https://www.twoinchbrush.com/images/painting336.png,First Snow,#9191AF
26,4,https://www.twoinchbrush.com/images/painting337.png,Lake in the Valley,#909582
26,5,https://www.twoinchbrush.com/images/painting338.png,A Trace of Spring,#8D9B96
26,6,https://www.twoinchbrush.com/images/painting339.png,An Arctic Winter Day,#7F97B3
26,7,https://www.twoinchbrush.com/images/painting340.png,Snow Birch,#738579
26,8,https://www.twoinchbrush.com/images/painting341.png,Early Autumn,#92959A
26,9,https://www.twoinchbrush.com/images/painting342.png,Tranquil Wooded Stream,#959658
26,10,https://www.twoinchbrush.com/images/painting343.png,Purple Mountain Range,#8798A5
26,11,https://www.twoinchbrush.com/images/painting344.png,Storm's A Comin,#7D96AF
26,12,https://www.twoinchbrush.com/images/painting345.png,Sunset Aglow,#BB8C96
26,13,https://www.twoinchbrush.com/images/painting346.png,Evening at the Falls,#8990AD
27,1,https://www.twoinchbrush.com/images/painting347.png,Twilight Beauty,#9D8EA8
27,2,https://www.twoinchbrush.com/images/painting348.png,Angler's Haven,#859986
27,3,https://www.twoinchbrush.com/images/painting349.png,Rustic Winter Woods,#B6916B
27,4,https://www.twoinchbrush.com/images/painting350.png,Wilderness Falls,#77A9A7
27,5,https://www.twoinchbrush.com/images/painting351.png,Winter at the Farm,#65A4D2
27,6,https://www.twoinchbrush.com/images/painting352.png,Daisies at Dawn,#BE9670
27,7,https://www.twoinchbrush.com/images/painting353.png,A Spectacular View,#83A2B0
27,8,https://www.twoinchbrush.com/images/painting354.png,Daybreak,#B0B9C0
27,9,https://www.twoinchbrush.com/images/painting355.png,Island Paradise,#91939A
27,10,https://www.twoinchbrush.com/images/painting356.png,Sunlight in the Shadows,#B98D74
27,11,https://www.twoinchbrush.com/images/painting357.png,Splendor of a Snowy Winter,#8196BF
27,12,https://www.twoinchbrush.com/images/painting358.png,Forest River,#679DA6
27,13,https://www.twoinchbrush.com/images/painting359.png,Golden Glow of Morning,#B98A5D
28,1,https://www.twoinchbrush.com/images/painting360.png,Fisherman's Trail,#A98E73
28,2,https://www.twoinchbrush.com/images/painting361.png,A Warm Winter,#B68C8E
28,3,https://www.twoinchbrush.com/images/painting362.png,Under Pastel Skies,#8C96A4
28,4,https://www.twoinchbrush.com/images/painting363.png,Golden Rays of Sunshine,#5C9DBE
28,5,https://www.twoinchbrush.com/images/painting364.png,The Magic of Fall,#D78344
28,6,https://www.twoinchbrush.com/images/painting365.png,Glacier Lake,#8197B9
28,7,https://www.twoinchbrush.com/images/painting366.png,The Old Weathered Barn,#DA7D25
28,8,https://www.twoinchbrush.com/images/painting367.png,Deep Forest Falls,#839084
28,9,https://www.twoinchbrush.com/images/painting368.png,Winter's Grace,#6899D0
28,10,https://www.twoinchbrush.com/images/painting369.png,Splendor of Autumn,#AD8E73
28,11,https://www.twoinchbrush.com/images/painting370.png,Tranquil Seas,#A88F87
28,12,https://www.twoinchbrush.com/images/painting371.png,Mountain Serenity,#8F91B3
28,13,https://www.twoinchbrush.com/images/painting372.png,Home Before Nightfall,#9F9082
29,1,https://www.twoinchbrush.com/images/painting373.png,Island in the Wilderness,#779AA8
29,2,https://www.twoinchbrush.com/images/painting374.png,Autumn Oval,#B38D6F
29,3,https://www.twoinchbrush.com/images/painting375.png,Seasonal Progression,#7C9AB9
29,4,https://www.twoinchbrush.com/images/painting376.png,Light at the Summit,#6A9E94
29,5,https://www.twoinchbrush.com/images/painting377.png,Countryside Barn,#5BB663
29,6,https://www.twoinchbrush.com/images/painting378.png,Mountain Lake Falls,#7698A3
29,7,https://www.twoinchbrush.com/images/painting379.png,Cypress Creek,#AF8D55
29,8,https://www.twoinchbrush.com/images/painting380.png,Trapper's Cabin,#849B88
29,9,https://www.twoinchbrush.com/images/painting381.png,Storm on the Horizon,#7995BF
29,10,https://www.twoinchbrush.com/images/painting382.png,Pot O' Posies,#BD453C
29,11,https://www.twoinchbrush.com/images/painting383.png,A Perfect Winter Day,#6F9BC2
29,12,https://www.twoinchbrush.com/images/painting384.png,Aurora's Dance,#7087A8
29,13,https://www.twoinchbrush.com/images/painting385.png,Woodman's Retreat,#85969A
30,1,https://www.twoinchbrush.com/images/painting386.png,Babbling Brook,#A49072
30,2,https://www.twoinchbrush.com/images/painting387.png,Woodgrain View,#7E95B5
30,3,https://www.twoinchbrush.com/images/painting388.png,Winter's Peace,#A78E8B
30,4,https://www.twoinchbrush.com/images/painting389.png,Wilderness Trail,#6E968C
30,5,https://www.twoinchbrush.com/images/painting390.png,A Copper Winter,#BB8A6B
30,6,https://www.twoinchbrush.com/images/painting391.png,Misty Foothills,#8296A7
30,7,https://www.twoinchbrush.com/images/painting392.png,Through the Window,#8D959C
30,8,https://www.twoinchbrush.com/images/painting393.png,Home in the Valley,#5FA3B6
30,9,https://www.twoinchbrush.com/images/painting394.png,Mountains of Grace,#5CA0BE
30,10,https://www.twoinchbrush.com/images/painting395.png,Seaside Harmony,#9191AD
30,11,https://www.twoinchbrush.com/images/painting396.png,A Cold Spring Day,#8197AA
30,12,https://www.twoinchbrush.com/images/painting397.png,Evening's Glow,#C08C2F
30,13,https://www.twoinchbrush.com/images/painting398.png,Blue Ridge Falls,#839885
31,1,https://www.twoinchbrush.com/images/painting399.png,Reflections of Calm,#7099B4
31,2,https://www.twoinchbrush.com/images/painting400.png,Before the Snowfall,#8394B8
31,3,https://www.twoinchbrush.com/images/painting401.png,Winding Stream,#38ADDB
31,4,https://www.twoinchbrush.com/images/painting402.png,Tranquility Cove,#AB8F79
31,5,https://www.twoinchbrush.com/images/painting403.png,Cabin in the Hollow,#8D949B
31,6,https://www.twoinchbrush.com/images/painting404.png,View from Clear Creek,#789AA0
31,7,https://www.twoinchbrush.com/images/painting405.png,Bridge to Autumn,#C8834A
31,8,https://www.twoinchbrush.com/images/painting406.png,Trail's End,#9A8F8F
31,9,https://www.twoinchbrush.com/images/painting407.png,Evergreen Valley,#7B8A9E
31,10,https://www.twoinchbrush.com/images/painting408.png,Balmy Beach,#96898E
31,11,https://www.twoinchbrush.com/images/painting409.png,Lake at the Ridge,#6F9FAC
31,12,https://www.twoinchbrush.com/images/painting410.png,In the Midst of Winter,#8593AF
31,13,https://www.twoinchbrush.com/images/painting411.png,Wilderness Day,#9C866D
